[{"model": "accounts.user", "fields": {"password": "pbkdf2_sha256$1000000$CcDJFQNRsK2ycFWNKnhl5e$rVRg3SSfZR2JLWBSr8b4tWpLLCpp81kaGKaJKih+nSE=", "last_login": null, "is_superuser": false, "username": "john_landowner", "first_name": "John", "last_name": "Smith", "email": "john@example.com", "is_staff": false, "is_active": true, "date_joined": "2025-07-10T21:55:13.635Z", "user_type": "LANDOWNER", "phone": "555-0101", "location": "Springfield, IL", "bio": "Experienced landowner with 500+ acres", "skills": "Organic farming, Crop rotation, Sustainable agriculture", "avatar": "", "supervisor": null, "groups": [], "user_permissions": []}}, {"model": "accounts.user", "fields": {"password": "pbkdf2_sha256$1000000$WDSaRWoYiGBHsXfnuiczoN$Uouf52JuAIpCrtTWeY0iIXMvYrY0h5/YYAuFapf14Gk=", "last_login": null, "is_superuser": false, "username": "sarah_farmer", "first_name": "Sarah", "last_name": "Johnson", "email": "sarah@example.com", "is_staff": false, "is_active": true, "date_joined": "2025-07-10T21:55:17.904Z", "user_type": "FARMER", "phone": "555-0102", "location": "Bloomington, IN", "bio": "Professional farmer with 15 years experience", "skills": "Organic farming, Crop rotation, Sustainable agriculture", "avatar": "", "supervisor": null, "groups": [], "user_permissions": []}}, {"model": "accounts.user", "fields": {"password": "pbkdf2_sha256$1000000$NFD1w5kfBbIAsOzr9bAqLW$pZeFGTNvN+ZnhzkRUkgBtSiOm12McZIWO28jwvD5ScI=", "last_login": null, "is_superuser": false, "username": "mike_worker", "first_name": "Mike", "last_name": "Davis", "email": "mike@example.com", "is_staff": false, "is_active": true, "date_joined": "2025-07-10T21:55:19.973Z", "user_type": "WORKER", "phone": "555-0103", "location": "Champaign, IL", "bio": "Skilled farm worker specializing in organic farming", "skills": "Organic farming, Crop rotation, Sustainable agriculture", "avatar": "", "supervisor": null, "groups": [], "user_permissions": []}}, {"model": "accounts.user", "fields": {"password": "pbkdf2_sha256$1000000$FAdOpjJLToQvhYKfyGu6WC$8Qk8hMCfTt09CbBPFbUNSQxtXPa/UdyoP6l6plKvtGE=", "last_login": null, "is_superuser": false, "username": "lisa_investor", "first_name": "Lisa", "last_name": "Wilson", "email": "lisa@example.com", "is_staff": false, "is_active": true, "date_joined": "2025-07-10T21:55:22.016Z", "user_type": "INVESTOR", "phone": "555-0104", "location": "Chicago, IL", "bio": "Agricultural investor looking for sustainable projects", "skills": "Organic farming, Crop rotation, Sustainable agriculture", "avatar": "", "supervisor": null, "groups": [], "user_permissions": []}}, {"model": "accounts.user", "fields": {"password": "pbkdf2_sha256$1000000$Gu6mcnaySZuFl8SmIwadyS$u5yApAxt2BT5eEXp11tpECspGWjnU1O+1kmDKCdiufk=", "last_login": null, "is_superuser": false, "username": "tom_student", "first_name": "Tom", "last_name": "Brown", "email": "tom@example.com", "is_staff": false, "is_active": true, "date_joined": "2025-07-10T21:55:25.684Z", "user_type": "STUDENT", "phone": "555-0105", "location": "Urbana, IL", "bio": "Agricultural student learning modern farming techniques", "skills": "Organic farming, Crop rotation, Sustainable agriculture", "avatar": "", "supervisor": null, "groups": [], "user_permissions": []}}, {"model": "accounts.user", "fields": {"password": "pbkdf2_sha256$1000000$nQYYptOznUlK5xZAajlDQJ$k+U7ZWCjHEPRbOKnzqs5mc2nz6HHvmc8/e4/1Mgy3IM=", "last_login": "2025-07-10T22:03:08.345Z", "is_superuser": false, "username": "hfamoafo", "first_name": "Harry", "last_name": "Fynn", "email": "amoafo.alive@gmail.com", "is_staff": false, "is_active": true, "date_joined": "2025-07-10T22:03:07.114Z", "user_type": "STUDENT", "phone": "0502790086", "location": "Kumasi", "bio": "I am a student", "skills": "Student", "avatar": "", "supervisor": null, "groups": [], "user_permissions": []}}, {"model": "accounts.user", "fields": {"password": "pbkdf2_sha256$1000000$19NIZ2SMaMzSf1VlSWiOR9$Nk+lItQ7/kvCkHCTcqG+iwx7i0tEzHaJGn17pejxi7Y=", "last_login": null, "is_superuser": false, "username": "kwame_landowner", "first_name": "Kwame", "last_name": "Asante", "email": "kwame@example.com", "is_staff": false, "is_active": true, "date_joined": "2025-07-10T23:30:57.178Z", "user_type": "LANDOWNER", "phone": "+233-24-123-4567", "location": "Kumasi, Ashanti Region", "bio": "Experienced landowner with 500+ acres", "skills": "Organic farming, Crop rotation, Sustainable agriculture", "avatar": "", "supervisor": null, "groups": [], "user_permissions": []}}, {"model": "accounts.user", "fields": {"password": "pbkdf2_sha256$1000000$E7qcFFdyNItc61N7YiZYEk$3enpq2Bjn2DTWYlxTgcjq6BU7QR7LV2CzsHCIabFyPI=", "last_login": null, "is_superuser": false, "username": "akua_farmer", "first_name": "Akua", "last_name": "Mensah", "email": "akua@example.com", "is_staff": false, "is_active": true, "date_joined": "2025-07-10T23:30:58.647Z", "user_type": "FARMER", "phone": "+233-20-234-5678", "location": "Tamale, Northern Region", "bio": "Professional farmer with 15 years experience", "skills": "Organic farming, Crop rotation, Sustainable agriculture", "avatar": "", "supervisor": null, "groups": [], "user_permissions": []}}, {"model": "accounts.user", "fields": {"password": "pbkdf2_sha256$1000000$rM18xtoBUYwVsdOEJMQwlS$Wew8FMcm/lg4/uWkMuxYNjpiowQW61NQNOc23BT1V6E=", "last_login": null, "is_superuser": false, "username": "kofi_worker", "first_name": "Kofi", "last_name": "Addo", "email": "kofi@example.com", "is_staff": false, "is_active": true, "date_joined": "2025-07-10T23:31:00.256Z", "user_type": "WORKER", "phone": "+233-26-345-6789", "location": "Sunyani, Bono Region", "bio": "Skilled farm worker specializing in organic farming", "skills": "Organic farming, Crop rotation, Sustainable agriculture", "avatar": "", "supervisor": null, "groups": [], "user_permissions": []}}, {"model": "accounts.user", "fields": {"password": "pbkdf2_sha256$1000000$k5e2qJz27bQ6do52mruZYE$cpkMxRm+wAFaT2rDw+q5E0N98YBz7C8d8siHRqugQyM=", "last_login": null, "is_superuser": false, "username": "efua_investor", "first_name": "Efua", "last_name": "Osei", "email": "efua@example.com", "is_staff": false, "is_active": true, "date_joined": "2025-07-10T23:31:01.926Z", "user_type": "INVESTOR", "phone": "+233-27-456-7890", "location": "Accra, Greater Accra Region", "bio": "Agricultural investor looking for sustainable projects", "skills": "Organic farming, Crop rotation, Sustainable agriculture", "avatar": "", "supervisor": null, "groups": [], "user_permissions": []}}, {"model": "accounts.user", "fields": {"password": "pbkdf2_sha256$1000000$thkxXGYlpOXRPCIyCrqDBy$p7yfW69ECdY8fjPUozb+z89/fx56fgyxtzd2GYVfUtY=", "last_login": null, "is_superuser": false, "username": "yaw_student", "first_name": "Yaw", "last_name": "Boateng", "email": "yaw@example.com", "is_staff": false, "is_active": true, "date_joined": "2025-07-10T23:31:03.141Z", "user_type": "STUDENT", "phone": "+233-54-567-8901", "location": "Cape Coast, Central Region", "bio": "Agricultural student learning modern farming techniques", "skills": "Organic farming, Crop rotation, Sustainable agriculture", "avatar": "", "supervisor": null, "groups": [], "user_permissions": []}}, {"model": "accounts.user", "fields": {"password": "pbkdf2_sha256$1000000$O71FzrmNlIpoo2LX5K4GAX$gRtRcnwaUZ7HNuvHljKw8smUkBV55KVCTgshEJ+rYwA=", "last_login": "2025-07-16T07:42:43.098Z", "is_superuser": false, "username": "strassenprophet", "first_name": "Richaida", "last_name": "Fynn", "email": "amoafo.alive@gmail.com", "is_staff": false, "is_active": true, "date_joined": "2025-07-11T14:20:32.166Z", "user_type": "WORKER", "phone": "0247478806", "location": "Ghana", "bio": "I am a job seeker with 4 years of experience in retailing", "skills": "Packaging", "avatar": "", "supervisor": null, "groups": [], "user_permissions": []}}, {"model": "accounts.user", "fields": {"password": "pbkdf2_sha256$870000$01ycTFYtWEVmKSToxd0pRM$otTElLFtI+/F0VEFq7GQgEz4LNzBKEauJHAH+MrjZS0=", "last_login": "2025-07-19T02:30:25.214Z", "is_superuser": false, "username": "derstrassenFarmer", "first_name": "Darren", "last_name": "Nyarko", "email": "darren@gmail.com", "is_staff": false, "is_active": true, "date_joined": "2025-07-15T18:05:10.226Z", "user_type": "FARMER", "phone": "0247036136", "location": "Ghana", "bio": "I am a professional farmer", "skills": "Farming", "avatar": "", "supervisor": null, "groups": [], "user_permissions": []}}, {"model": "accounts.user", "fields": {"password": "pbkdf2_sha256$1000000$ob3W3whw6XYQmWT0QzyF6x$l4f7f8U6Zw3946hqYfbLZGwNvO27eC/NULEk0doq68s=", "last_login": "2025-07-19T01:20:56.368Z", "is_superuser": false, "username": "derstrassenLandowner", "first_name": "Jaden", "last_name": "Fynn", "email": "jaden@gmail.com", "is_staff": false, "is_active": true, "date_joined": "2025-07-15T18:09:25.617Z", "user_type": "LANDOWNER", "phone": "0244125126", "location": "Ghana", "bio": "Land owner", "skills": "Real Estate", "avatar": "", "supervisor": null, "groups": [], "user_permissions": []}}, {"model": "accounts.user", "fields": {"password": "pbkdf2_sha256$870000$BBSwjmPS4VBWbvZcHg49sl$YLDQ3w1SteOEl2zzzOxKdaZb9dcb9TJIUHonLgkYFp8=", "last_login": "2025-07-19T02:36:27.239Z", "is_superuser": true, "username": "strasseprophet", "first_name": "", "last_name": "", "email": "amoafo.alive@gmail.com", "is_staff": true, "is_active": true, "date_joined": "2025-07-15T23:24:00.434Z", "user_type": "", "phone": "", "location": "", "bio": "", "skills": "", "avatar": "", "supervisor": null, "groups": [], "user_permissions": []}}, {"model": "accounts.user", "fields": {"password": "pbkdf2_sha256$870000$5Gcy1XcVFeEWXiJZbkxGEM$rXHxOTT/ss4yp6dUBporVH9Tq3m3OgPN1gL/VU4WuZQ=", "last_login": "2025-07-19T02:30:54.619Z", "is_superuser": false, "username": "ahajahcreo", "first_name": "Amethyst", "last_name": "Fynn", "email": "amethyst@gmail.com", "is_staff": false, "is_active": true, "date_joined": "2025-07-16T00:41:43.760Z", "user_type": "INVESTOR", "phone": "12456", "location": "Ghana", "bio": "investor", "skills": "real Estate", "avatar": "", "supervisor": null, "groups": [], "user_permissions": []}}, {"model": "accounts.user", "fields": {"password": "pbkdf2_sha256$870000$tZF3NVBWqalQIMnY6BoxYa$kb2RC081AwerPA2pww8OgFu9rdVFiYjl37aNoHmdCJw=", "last_login": "2025-07-17T05:43:06.122Z", "is_superuser": false, "username": "strassestudent", "first_name": "Elvis", "last_name": "Agyemang", "email": "elvis@email.com", "is_staff": false, "is_active": true, "date_joined": "2025-07-17T05:43:03.964Z", "user_type": "STUDENT", "phone": "000000000", "location": "Ghana", "bio": "Student", "skills": "Student", "avatar": "", "supervisor": null, "groups": [], "user_permissions": []}}, {"model": "accounts.activitylog", "pk": 1, "fields": {"user": ["strassenprophet"], "action": "planted maize", "details": "", "timestamp": "2025-07-11T14:52:05.932Z", "confirmed": false}}, {"model": "accounts.imageupload", "pk": 1, "fields": {"user": ["strassenprophet"], "image": "user_uploads/_MG_2552-2.jpg", "description": "", "timestamp": "2025-07-11T14:52:21.678Z"}}, {"model": "accounts.notification", "pk": 1, "fields": {"user": ["strasseprophet"], "notification_type": "NEW_USER", "title": "New User Registration: Amethyst Fynn", "message": "New Investor registered: Amethyst Fynn (amethyst@gmail.com)", "is_read": true, "created_at": "2025-07-16T00:41:44.940Z", "related_object_id": 16, "related_object_type": "User"}}, {"model": "accounts.notification", "pk": 2, "fields": {"user": ["john_landowner"], "notification_type": "LAND_APPROVED", "title": "Land \"Green Valley Farm\" Approved", "message": "Your land \"Green Valley Farm\" has been approved and is now visible to other users.", "is_read": false, "created_at": "2025-07-16T01:41:48.005Z", "related_object_id": 1, "related_object_type": "Land"}}, {"model": "accounts.notification", "pk": 3, "fields": {"user": ["sarah_farmer"], "notification_type": "PROJECT_APPROVED", "title": "Project \"Corn, Soybeans, Vegetables on Meadowbrook Estate\" Approved", "message": "Your project \"Corn, Soybeans, Vegetables on Meadowbrook Estate\" has been approved and is now active.", "is_read": false, "created_at": "2025-07-16T01:41:53.459Z", "related_object_id": 5, "related_object_type": "FarmingProject"}}, {"model": "accounts.notification", "pk": 4, "fields": {"user": ["strasseprophet"], "notification_type": "NEW_USER", "title": "New User Registration: Elvis Agyemang", "message": "New Student registered: Elvis Agyemang (elvis@email.com)", "is_read": true, "created_at": "2025-07-17T05:43:05.201Z", "related_object_id": 17, "related_object_type": "User"}}, {"model": "accounts.adminauditlog", "pk": 1, "fields": {"admin_user": ["strasseprophet"], "action_type": "EDIT_LAND", "target_object_type": "Land", "target_object_id": 5, "target_object_name": "Meadowbrook Estate", "details": "Edited fields: csrfmiddlewaretoken, title, location, size, soil_type, water_source, preferred_crops, description, is_available", "ip_address": "127.0.0.1", "user_agent": "Mozilla/5.0 (Windows NT 10.0; Win64; x64) AppleWebKit/537.36 (KHTML, like Gecko) Chrome/138.0.0.0 Safari/537.36", "timestamp": "2025-07-15T23:39:18.271Z"}}, {"model": "accounts.adminauditlog", "pk": 2, "fields": {"admin_user": ["strasseprophet"], "action_type": "APPROVE_LAND", "target_object_type": "Land", "target_object_id": 1, "target_object_name": "Green Valley Farm", "details": "", "ip_address": "127.0.0.1", "user_agent": "Mozilla/5.0 (Windows NT 10.0; Win64; x64) AppleWebKit/537.36 (KHTML, like Gecko) Chrome/138.0.0.0 Safari/537.36", "timestamp": "2025-07-16T01:41:47.994Z"}}, {"model": "accounts.adminauditlog", "pk": 3, "fields": {"admin_user": ["strasseprophet"], "action_type": "APPROVE_PROJECT", "target_object_type": "FarmingProject", "target_object_id": 5, "target_object_name": "Corn, Soybeans, Vegetables on Meadowbrook Estate", "details": "", "ip_address": "127.0.0.1", "user_agent": "Mozilla/5.0 (Windows NT 10.0; Win64; x64) AppleWebKit/537.36 (KHTML, like Gecko) Chrome/138.0.0.0 Safari/537.36", "timestamp": "2025-07-16T01:41:53.445Z"}}, {"model": "lands.land", "pk": 1, "fields": {"owner": ["john_landowner"], "title": "Green Valley Farm", "location": "Springfield, IL", "size": "150.50", "description": "Fertile farmland with excellent drainage", "is_available": true, "preferred_crops": "Corn, Soybeans, Wheat", "soil_type": "Loam", "water_source": "Well water", "date_listed": "2025-07-10T21:55:27.966Z", "approval_status": "APPROVED"}}, {"model": "lands.land", "pk": 2, "fields": {"owner": ["john_landowner"], "title": "Sunset Acres", "location": "Bloomington, IN", "size": "200.00", "description": "Rolling hills perfect for grazing and crops", "is_available": true, "preferred_crops": "Hay, Corn, Vegetables", "soil_type": "Clay loam", "water_source": "River access", "date_listed": "2025-07-10T21:55:27.984Z", "approval_status": "PENDING"}}, {"model": "lands.land", "pk": 3, "fields": {"owner": ["john_landowner"], "title": "Prairie View Ranch", "location": "Champaign, IL", "size": "300.00", "description": "Large ranch with mixed agricultural potential", "is_available": true, "preferred_crops": "Cattle, Corn, Alfalfa", "soil_type": "Silt loam", "water_source": "Pond and well", "date_listed": "2025-07-10T21:55:28.011Z", "approval_status": "PENDING"}}, {"model": "lands.land", "pk": 4, "fields": {"owner": ["john_landowner"], "title": "Oak Ridge Farm", "location": "Urbana, IL", "size": "75.00", "description": "Small family farm with organic certification", "is_available": true, "preferred_crops": "Vegetables, Herbs, Flowers", "soil_type": "Sandy loam", "water_source": "Rainwater collection", "date_listed": "2025-07-10T21:55:28.034Z", "approval_status": "PENDING"}}, {"model": "lands.land", "pk": 5, "fields": {"owner": ["john_landowner"], "title": "Meadowbrook Estate", "location": "Decatur, IL", "size": "500.00", "description": "Premium agricultural land with modern infrastructure", "is_available": true, "preferred_crops": "Corn, Soybeans, Specialty crops", "soil_type": "Rich loam", "water_source": "Irrigation system", "date_listed": "2025-07-10T21:55:28.051Z", "approval_status": "REJECTED"}}, {"model": "lands.land", "pk": 6, "fields": {"owner": ["kwame_landowner"], "title": "Kumasi Cocoa Farm", "location": "Kumasi, Ashanti Region", "size": "150.50", "description": "Fertile farmland with excellent drainage for cocoa cultivation", "is_available": true, "preferred_crops": "Cocoa, Plantain, Cassava", "soil_type": "Loam", "water_source": "Well water", "date_listed": "2025-07-10T23:31:04.521Z", "approval_status": "PENDING"}}, {"model": "lands.land", "pk": 7, "fields": {"owner": ["kwame_landowner"], "title": "Tamale Rice Fields", "location": "Tamale, Northern Region", "size": "200.00", "description": "Irrigated fields perfect for rice and maize cultivation", "is_available": true, "preferred_crops": "Rice, Maize, Groundnuts", "soil_type": "Clay loam", "water_source": "River access", "date_listed": "2025-07-10T23:31:04.536Z", "approval_status": "PENDING"}}, {"model": "lands.land", "pk": 8, "fields": {"owner": ["kwame_landowner"], "title": "Sunyani Palm Plantation", "location": "Sunyani, Bono Region", "size": "300.00", "description": "Large plantation with oil palm and food crops", "is_available": true, "preferred_crops": "Oil Palm, Cassava, Yam", "soil_type": "Silt loam", "water_source": "Pond and well", "date_listed": "2025-07-10T23:31:04.547Z", "approval_status": "PENDING"}}, {"model": "lands.land", "pk": 9, "fields": {"owner": ["kwame_landowner"], "title": "Cape Coast Vegetable Farm", "location": "Cape Coast, Central Region", "size": "75.00", "description": "Small family farm with organic certification", "is_available": true, "preferred_crops": "Tomatoes, Peppers, Garden Eggs", "soil_type": "Sandy loam", "water_source": "Rainwater collection", "date_listed": "2025-07-10T23:31:04.559Z", "approval_status": "PENDING"}}, {"model": "lands.land", "pk": 10, "fields": {"owner": ["kwame_landowner"], "title": "Accra Pineapple Estate", "location": "Accra, Greater Accra Region", "size": "500.00", "description": "Premium agricultural land with modern infrastructure", "is_available": true, "preferred_crops": "Pineapple, Mango, Papaya", "soil_type": "Rich loam", "water_source": "Irrigation system", "date_listed": "2025-07-10T23:31:04.572Z", "approval_status": "PENDING"}}, {"model": "farming.farmingproject", "pk": 1, "fields": {"land": 1, "manager": ["sarah_farmer"], "start_date": "2025-05-11", "end_date": "2025-09-14", "status": "ACTIVE", "crops": "Corn", "estimated_yield": "15000.00", "actual_yield": "16000.00", "approval_status": "PENDING", "workers": [["mike_worker"], ["tom_student"]]}}, {"model": "farming.farmingproject", "pk": 2, "fields": {"land": 2, "manager": ["sarah_farmer"], "start_date": "2025-02-25", "end_date": "2025-09-14", "status": "ACTIVE", "crops": "Tomatoes, Lettuce, Carrots", "estimated_yield": "5000.00", "actual_yield": null, "approval_status": "PENDING", "workers": [["mike_worker"], ["tom_student"]]}}, {"model": "farming.farmingproject", "pk": 3, "fields": {"land": 3, "manager": ["sarah_farmer"], "start_date": "2025-03-11", "end_date": "2025-10-01", "status": "PLANNING", "crops": "Soybeans", "estimated_yield": "8000.00", "actual_yield": null, "approval_status": "PENDING", "workers": [["mike_worker"], ["tom_student"]]}}, {"model": "farming.farmingproject", "pk": 4, "fields": {"land": 4, "manager": ["sarah_farmer"], "start_date": "2025-05-04", "end_date": "2025-07-04", "status": "HARVESTED", "crops": "Winter Wheat", "estimated_yield": "12000.00", "actual_yield": "11500.00", "approval_status": "PENDING", "workers": [["mike_worker"], ["tom_student"]]}}, {"model": "farming.farmingproject", "pk": 5, "fields": {"land": 5, "manager": ["sarah_farmer"], "start_date": "2025-04-06", "end_date": "2025-09-16", "status": "ACTIVE", "crops": "Corn, Soybeans, Vegetables", "estimated_yield": "20000.00", "actual_yield": null, "approval_status": "APPROVED", "workers": [["mike_worker"], ["tom_student"]]}}, {"model": "farming.farmingproject", "pk": 6, "fields": {"land": 6, "manager": ["akua_farmer"], "start_date": "2025-03-23", "end_date": "2025-10-02", "status": "ACTIVE", "crops": "Cocoa", "estimated_yield": "15000.00", "actual_yield": "16000.00", "approval_status": "PENDING", "workers": [["kofi_worker"], ["yaw_student"]]}}, {"model": "farming.farmingproject", "pk": 7, "fields": {"land": 7, "manager": ["akua_farmer"], "start_date": "2025-05-27", "end_date": "2025-08-16", "status": "ACTIVE", "crops": "Tomatoes, Peppers, Garden Eggs", "estimated_yield": "5000.00", "actual_yield": null, "approval_status": "PENDING", "workers": [["kofi_worker"], ["yaw_student"]]}}, {"model": "farming.farmingproject", "pk": 8, "fields": {"land": 8, "manager": ["akua_farmer"], "start_date": "2025-03-08", "end_date": "2025-08-23", "status": "PLANNING", "crops": "Rice", "estimated_yield": "8000.00", "actual_yield": null, "approval_status": "PENDING", "workers": [["kofi_worker"], ["yaw_student"]]}}, {"model": "farming.farmingproject", "pk": 9, "fields": {"land": 9, "manager": ["akua_farmer"], "start_date": "2025-05-08", "end_date": "2025-06-14", "status": "HARVESTED", "crops": "Maize", "estimated_yield": "12000.00", "actual_yield": "11500.00", "approval_status": "PENDING", "workers": [["kofi_worker"], ["yaw_student"]]}}, {"model": "farming.farmingproject", "pk": 10, "fields": {"land": 10, "manager": ["akua_farmer"], "start_date": "2025-05-07", "end_date": "2025-08-31", "status": "ACTIVE", "crops": "Cassava, Yam, Plantain", "estimated_yield": "20000.00", "actual_yield": null, "approval_status": "PENDING", "workers": [["kofi_worker"], ["yaw_student"]]}}, {"model": "marketplace.croplisting", "pk": 1, "fields": {"project": 4, "price_per_unit": "5.77", "available_quantity": "9200.00", "is_organic": true, "harvest_date": "2025-07-04", "listing_date": "2025-07-10T21:56:10.854Z"}}, {"model": "marketplace.croplisting", "pk": 2, "fields": {"project": 9, "price_per_unit": "7.07", "available_quantity": "9200.00", "is_organic": true, "harvest_date": "2025-06-14", "listing_date": "2025-07-10T23:31:04.754Z"}}, {"model": "marketplace.order", "pk": 1, "fields": {"listing": 2, "buyer": ["efua_investor"], "quantity": "3705.41", "total_price": "26197.28", "status": "DELIVERED", "order_date": "2025-07-10T23:31:04.770Z", "delivery_address": "Tamale, Northern Region"}}, {"model": "payments.revenueshare", "pk": 1, "fields": {"project": 4, "landowner_share": "30.00", "workers_share": "25.00", "manager_share": "20.00", "investor_share": "15.00", "platform_share": "10.00", "total_amount": "51798.83", "distribution_date": "2025-07-10"}}, {"model": "payments.revenueshare", "pk": 2, "fields": {"project": 9, "landowner_share": "30.00", "workers_share": "25.00", "manager_share": "20.00", "investor_share": "15.00", "platform_share": "10.00", "total_amount": "56392.28", "distribution_date": "2025-07-10"}}, {"model": "forums.category", "pk": 1, "fields": {"name": "Farming Techniques", "description": "Share and discuss various farming methods, best practices, and innovative techniques.", "slug": "farming-techniques", "created_at": "2025-07-19T01:08:41.228Z", "is_active": true}}, {"model": "forums.category", "pk": 2, "fields": {"name": "Crop Management", "description": "Discussions about crop selection, planting, maintenance, and harvesting strategies.", "slug": "crop-management", "created_at": "2025-07-19T01:08:41.242Z", "is_active": true}}, {"model": "forums.category", "pk": 3, "fields": {"name": "Market Trends", "description": "Stay updated with agricultural market prices, trends, and business opportunities.", "slug": "market-trends", "created_at": "2025-07-19T01:08:41.259Z", "is_active": true}}, {"model": "forums.category", "pk": 4, "fields": {"name": "Equipment & Tools", "description": "Share information about farming equipment, tools, and machinery.", "slug": "equipment-tools", "created_at": "2025-07-19T01:08:41.275Z", "is_active": true}}, {"model": "forums.category", "pk": 5, "fields": {"name": "Pest & Disease Control", "description": "Discuss pest management, disease prevention, and treatment methods.", "slug": "pest-disease-control", "created_at": "2025-07-19T01:08:41.293Z", "is_active": true}}, {"model": "forums.category", "pk": 6, "fields": {"name": "Soil & Fertilizer", "description": "Learn about soil health, fertilization, and soil improvement techniques.", "slug": "soil-fertilizer", "created_at": "2025-07-19T01:08:41.311Z", "is_active": true}}, {"model": "forums.category", "pk": 7, "fields": {"name": "Success Stories", "description": "Share your farming success stories and learn from others' experiences.", "slug": "success-stories", "created_at": "2025-07-19T01:08:41.328Z", "is_active": true}}, {"model": "forums.category", "pk": 8, "fields": {"name": "General Discussion", "description": "General agricultural discussions and community chat.", "slug": "general-discussion", "created_at": "2025-07-19T01:08:41.345Z", "is_active": true}}, {"model": "forums.topic", "pk": 1, "fields": {"category": 1, "title": "Best practices for organic farming in Ghana", "content": "I'm interested in starting organic farming in the Ashanti region. What are the best practices for organic farming in Ghana? I'm particularly interested in soil preparation and natural pest control methods.", "author": ["strassenprophet"], "created_at": "2025-07-19T01:08:41.360Z", "updated_at": "2025-07-19T01:08:41.360Z", "is_pinned": false, "is_locked": false, "views": 0}}, {"model": "forums.topic", "pk": 2, "fields": {"category": 2, "title": "Cocoa farming tips for beginners", "content": "I'm a new farmer looking to start cocoa farming. What are the essential things I need to know? From land preparation to harvesting, any advice would be greatly appreciated.", "author": ["strassenprophet"], "created_at": "2025-07-19T01:08:41.427Z", "updated_at": "2025-07-19T01:08:41.427Z", "is_pinned": false, "is_locked": false, "views": 0}}, {"model": "forums.topic", "pk": 3, "fields": {"category": 3, "title": "Current market prices for cassava", "content": "What are the current market prices for cassava in different regions? I'm planning to harvest next month and want to know the best markets to target.", "author": ["hfamoafo"], "created_at": "2025-07-19T01:08:41.466Z", "updated_at": "2025-07-19T01:08:41.466Z", "is_pinned": false, "is_locked": false, "views": 0}}, {"model": "forums.topic", "pk": 4, "fields": {"category": 4, "title": "Recommended tractors for small-scale farming", "content": "I'm looking to purchase a tractor for my 5-acre farm. What brands and models would you recommend for small-scale farming in Ghana?", "author": ["sarah_farmer"], "created_at": "2025-07-19T01:08:41.500Z", "updated_at": "2025-07-19T01:08:41.500Z", "is_pinned": false, "is_locked": false, "views": 0}}, {"model": "forums.topic", "pk": 5, "fields": {"category": 5, "title": "Natural ways to control tomato pests", "content": "My tomato plants are being attacked by pests. What are some effective natural methods to control them without using chemical pesticides?", "author": ["efua_investor"], "created_at": "2025-07-19T01:08:41.567Z", "updated_at": "2025-07-19T01:08:41.567Z", "is_pinned": false, "is_locked": false, "views": 0}}, {"model": "forums.topic", "pk": 6, "fields": {"category": 6, "title": "Improving soil fertility naturally", "content": "My soil seems to be losing fertility. What are some natural ways to improve soil health and fertility? I prefer organic methods.", "author": ["strassestudent"], "created_at": "2025-07-19T01:08:41.632Z", "updated_at": "2025-07-19T01:08:41.632Z", "is_pinned": false, "is_locked": false, "views": 0}}, {"model": "forums.topic", "pk": 7, "fields": {"category": 7, "title": "My successful maize farming story", "content": "I want to share my experience with maize farming this season. I achieved a 30% increase in yield compared to last year. Here's what I did differently...", "author": ["lisa_investor"], "created_at": "2025-07-19T01:08:41.673Z", "updated_at": "2025-07-19T01:08:41.673Z", "is_pinned": false, "is_locked": false, "views": 0}}, {"model": "forums.topic", "pk": 8, "fields": {"category": 8, "title": "Weather patterns affecting farming this season", "content": "Has anyone noticed unusual weather patterns this farming season? How is it affecting your crops? Let's discuss and share strategies.", "author": ["hfamoafo"], "created_at": "2025-07-19T01:08:41.742Z", "updated_at": "2025-07-19T01:08:41.742Z", "is_pinned": false, "is_locked": false, "views": 0}}, {"model": "forums.topic", "pk": 9, "fields": {"category": 2, "title": "CLIMATE CHANGE", "content": "A discussion needs to be had", "author": ["strasseprophet"], "created_at": "2025-07-19T01:15:57.774Z", "updated_at": "2025-07-19T01:15:57.774Z", "is_pinned": false, "is_locked": false, "views": 0}}, {"model": "forums.topic", "pk": 10, "fields": {"category": 1, "title": "Best practices for organic farming in Ghana", "content": "I'm interested in starting organic farming in the Ashanti region. What are the best practices for organic farming in Ghana? I'm particularly interested in soil preparation and natural pest control methods.", "author": ["kwame_landowner"], "created_at": "2025-07-19T02:39:21.638Z", "updated_at": "2025-07-19T02:39:21.638Z", "is_pinned": false, "is_locked": false, "views": 0}}, {"model": "forums.topic", "pk": 11, "fields": {"category": 2, "title": "Cocoa farming tips for beginners", "content": "I'm a new farmer looking to start cocoa farming. What are the essential things I need to know? From land preparation to harvesting, any advice would be greatly appreciated.", "author": ["efua_investor"], "created_at": "2025-07-19T02:39:21.699Z", "updated_at": "2025-07-19T02:39:21.699Z", "is_pinned": false, "is_locked": false, "views": 0}}, {"model": "forums.topic", "pk": 12, "fields": {"category": 3, "title": "Current market prices for cassava", "content": "What are the current market prices for cassava in different regions? I'm planning to harvest next month and want to know the best markets to target.", "author": ["lisa_investor"], "created_at": "2025-07-19T02:39:21.737Z", "updated_at": "2025-07-19T02:39:21.737Z", "is_pinned": false, "is_locked": false, "views": 0}}, {"model": "forums.topic", "pk": 13, "fields": {"category": 4, "title": "Recommended tractors for small-scale farming", "content": "I'm looking to purchase a tractor for my 5-acre farm. What brands and models would you recommend for small-scale farming in Ghana?", "author": ["efua_investor"], "created_at": "2025-07-19T02:39:21.763Z", "updated_at": "2025-07-19T02:39:21.763Z", "is_pinned": false, "is_locked": false, "views": 0}}, {"model": "forums.topic", "pk": 14, "fields": {"category": 5, "title": "Natural ways to control tomato pests", "content": "My tomato plants are being attacked by pests. What are some effective natural methods to control them without using chemical pesticides?", "author": ["sarah_farmer"], "created_at": "2025-07-19T02:39:21.802Z", "updated_at": "2025-07-19T02:39:21.802Z", "is_pinned": false, "is_locked": false, "views": 0}}, {"model": "forums.topic", "pk": 15, "fields": {"category": 6, "title": "Improving soil fertility naturally", "content": "My soil seems to be losing fertility. What are some natural ways to improve soil health and fertility? I prefer organic methods.", "author": ["john_landowner"], "created_at": "2025-07-19T02:39:21.840Z", "updated_at": "2025-07-19T02:39:21.840Z", "is_pinned": false, "is_locked": false, "views": 0}}, {"model": "forums.topic", "pk": 16, "fields": {"category": 7, "title": "My successful maize farming story", "content": "I want to share my experience with maize farming this season. I achieved a 30% increase in yield compared to last year. Here's what I did differently...", "author": ["tom_student"], "created_at": "2025-07-19T02:39:21.903Z", "updated_at": "2025-07-19T02:39:21.903Z", "is_pinned": false, "is_locked": false, "views": 0}}, {"model": "forums.topic", "pk": 17, "fields": {"category": 8, "title": "Weather patterns affecting farming this season", "content": "Has anyone noticed unusual weather patterns this farming season? How is it affecting your crops? Let's discuss and share strategies.", "author": ["mike_worker"], "created_at": "2025-07-19T02:39:21.951Z", "updated_at": "2025-07-19T02:39:21.951Z", "is_pinned": false, "is_locked": false, "views": 0}}, {"model": "forums.post", "pk": 1, "fields": {"topic": 1, "author": ["strassestudent"], "content": "Great question! I've been farming for 10 years and here's what I've learned...", "created_at": "2025-07-19T01:08:41.374Z", "updated_at": "2025-07-19T01:08:41.375Z", "is_solution": false}}, {"model": "forums.post", "pk": 2, "fields": {"topic": 1, "author": ["strassestudent"], "content": "I agree with the previous response. Additionally, you should consider...", "created_at": "2025-07-19T01:08:41.387Z", "updated_at": "2025-07-19T01:08:41.387Z", "is_solution": false}}, {"model": "forums.post", "pk": 3, "fields": {"topic": 1, "author": ["ahajahcreo"], "content": "Thanks for sharing this information. It's very helpful for beginners like me.", "created_at": "2025-07-19T01:08:41.400Z", "updated_at": "2025-07-19T01:08:41.400Z", "is_solution": false}}, {"model": "forums.post", "pk": 4, "fields": {"topic": 1, "author": ["strassestudent"], "content": "I have a different approach that has worked well for me...", "created_at": "2025-07-19T01:08:41.408Z", "updated_at": "2025-07-19T01:08:41.408Z", "is_solution": false}}, {"model": "forums.post", "pk": 5, "fields": {"topic": 2, "author": ["yaw_student"], "content": "Great question! I've been farming for 10 years and here's what I've learned...", "created_at": "2025-07-19T01:08:41.437Z", "updated_at": "2025-07-19T01:08:41.437Z", "is_solution": false}}, {"model": "forums.post", "pk": 6, "fields": {"topic": 2, "author": ["tom_student"], "content": "I agree with the previous response. Additionally, you should consider...", "created_at": "2025-07-19T01:08:41.455Z", "updated_at": "2025-07-19T01:08:41.455Z", "is_solution": false}}, {"model": "forums.post", "pk": 7, "fields": {"topic": 3, "author": ["mike_worker"], "content": "Great question! I've been farming for 10 years and here's what I've learned...", "created_at": "2025-07-19T01:08:41.475Z", "updated_at": "2025-07-19T01:08:41.475Z", "is_solution": false}}, {"model": "forums.post", "pk": 8, "fields": {"topic": 3, "author": ["lisa_investor"], "content": "I agree with the previous response. Additionally, you should consider...", "created_at": "2025-07-19T01:08:41.490Z", "updated_at": "2025-07-19T01:08:41.490Z", "is_solution": false}}, {"model": "forums.post", "pk": 9, "fields": {"topic": 4, "author": ["efua_investor"], "content": "Great question! I've been farming for 10 years and here's what I've learned...", "created_at": "2025-07-19T01:08:41.510Z", "updated_at": "2025-07-19T01:08:41.510Z", "is_solution": false}}, {"model": "forums.post", "pk": 10, "fields": {"topic": 4, "author": ["kwame_landowner"], "content": "I agree with the previous response. Additionally, you should consider...", "created_at": "2025-07-19T01:08:41.525Z", "updated_at": "2025-07-19T01:08:41.525Z", "is_solution": false}}, {"model": "forums.post", "pk": 11, "fields": {"topic": 4, "author": ["kofi_worker"], "content": "Thanks for sharing this information. It's very helpful for beginners like me.", "created_at": "2025-07-19T01:08:41.538Z", "updated_at": "2025-07-19T01:08:41.538Z", "is_solution": false}}, {"model": "forums.post", "pk": 12, "fields": {"topic": 4, "author": ["tom_student"], "content": "I have a different approach that has worked well for me...", "created_at": "2025-07-19T01:08:41.545Z", "updated_at": "2025-07-19T01:08:41.545Z", "is_solution": false}}, {"model": "forums.post", "pk": 13, "fields": {"topic": 4, "author": ["lisa_investor"], "content": "This is exactly what I needed to know. Thank you for the detailed explanation!", "created_at": "2025-07-19T01:08:41.558Z", "updated_at": "2025-07-19T01:08:41.558Z", "is_solution": false}}, {"model": "forums.post", "pk": 14, "fields": {"topic": 5, "author": ["ahajahcreo"], "content": "Great question! I've been farming for 10 years and here's what I've learned...", "created_at": "2025-07-19T01:08:41.577Z", "updated_at": "2025-07-19T01:08:41.577Z", "is_solution": false}}, {"model": "forums.post", "pk": 15, "fields": {"topic": 5, "author": ["john_landowner"], "content": "I agree with the previous response. Additionally, you should consider...", "created_at": "2025-07-19T01:08:41.591Z", "updated_at": "2025-07-19T01:08:41.591Z", "is_solution": false}}, {"model": "forums.post", "pk": 16, "fields": {"topic": 5, "author": ["lisa_investor"], "content": "Thanks for sharing this information. It's very helpful for beginners like me.", "created_at": "2025-07-19T01:08:41.604Z", "updated_at": "2025-07-19T01:08:41.604Z", "is_solution": false}}, {"model": "forums.post", "pk": 17, "fields": {"topic": 5, "author": ["ahajahcreo"], "content": "I have a different approach that has worked well for me...", "created_at": "2025-07-19T01:08:41.619Z", "updated_at": "2025-07-19T01:08:41.619Z", "is_solution": false}}, {"model": "forums.post", "pk": 18, "fields": {"topic": 6, "author": ["ahajahcreo"], "content": "Great question! I've been farming for 10 years and here's what I've learned...", "created_at": "2025-07-19T01:08:41.645Z", "updated_at": "2025-07-19T01:08:41.645Z", "is_solution": false}}, {"model": "forums.post", "pk": 19, "fields": {"topic": 6, "author": ["strassenprophet"], "content": "I agree with the previous response. Additionally, you should consider...", "created_at": "2025-07-19T01:08:41.659Z", "updated_at": "2025-07-19T01:08:41.659Z", "is_solution": false}}, {"model": "forums.post", "pk": 20, "fields": {"topic": 7, "author": ["kwame_landowner"], "content": "I agree with the previous response. Additionally, you should consider...", "created_at": "2025-07-19T01:08:41.683Z", "updated_at": "2025-07-19T01:08:41.683Z", "is_solution": false}}, {"model": "forums.post", "pk": 21, "fields": {"topic": 7, "author": ["sarah_farmer"], "content": "Thanks for sharing this information. It's very helpful for beginners like me.", "created_at": "2025-07-19T01:08:41.696Z", "updated_at": "2025-07-19T01:08:41.696Z", "is_solution": false}}, {"model": "forums.post", "pk": 22, "fields": {"topic": 7, "author": ["akua_farmer"], "content": "I have a different approach that has worked well for me...", "created_at": "2025-07-19T01:08:41.713Z", "updated_at": "2025-07-19T01:08:41.713Z", "is_solution": false}}, {"model": "forums.post", "pk": 23, "fields": {"topic": 7, "author": ["derstrassenFarmer"], "content": "This is exactly what I needed to know. Thank you for the detailed explanation!", "created_at": "2025-07-19T01:08:41.727Z", "updated_at": "2025-07-19T01:08:41.727Z", "is_solution": false}}, {"model": "forums.post", "pk": 24, "fields": {"topic": 8, "author": ["john_landowner"], "content": "Great question! I've been farming for 10 years and here's what I've learned...", "created_at": "2025-07-19T01:08:41.757Z", "updated_at": "2025-07-19T01:08:41.757Z", "is_solution": false}}, {"model": "forums.post", "pk": 25, "fields": {"topic": 8, "author": ["akua_farmer"], "content": "I agree with the previous response. Additionally, you should consider...", "created_at": "2025-07-19T01:08:41.779Z", "updated_at": "2025-07-19T01:08:41.779Z", "is_solution": false}}, {"model": "forums.post", "pk": 26, "fields": {"topic": 8, "author": ["derstrassenFarmer"], "content": "Thanks for sharing this information. It's very helpful for beginners like me.", "created_at": "2025-07-19T01:08:41.794Z", "updated_at": "2025-07-19T01:08:41.794Z", "is_solution": false}}, {"model": "forums.post", "pk": 27, "fields": {"topic": 8, "author": ["strassestudent"], "content": "I have a different approach that has worked well for me...", "created_at": "2025-07-19T01:08:41.808Z", "updated_at": "2025-07-19T01:08:41.809Z", "is_solution": false}}, {"model": "forums.post", "pk": 28, "fields": {"topic": 8, "author": ["strassenprophet"], "content": "This is exactly what I needed to know. Thank you for the detailed explanation!", "created_at": "2025-07-19T01:08:41.829Z", "updated_at": "2025-07-19T01:08:41.829Z", "is_solution": false}}, {"model": "forums.post", "pk": 29, "fields": {"topic": 10, "author": ["derstrassenFarmer"], "content": "Great question! I've been farming for 10 years and here's what I've learned...", "created_at": "2025-07-19T02:39:21.652Z", "updated_at": "2025-07-19T02:39:21.652Z", "is_solution": false}}, {"model": "forums.post", "pk": 30, "fields": {"topic": 10, "author": ["strasseprophet"], "content": "I agree with the previous response. Additionally, you should consider...", "created_at": "2025-07-19T02:39:21.663Z", "updated_at": "2025-07-19T02:39:21.663Z", "is_solution": false}}, {"model": "forums.post", "pk": 31, "fields": {"topic": 10, "author": ["efua_investor"], "content": "Thanks for sharing this information. It's very helpful for beginners like me.", "created_at": "2025-07-19T02:39:21.676Z", "updated_at": "2025-07-19T02:39:21.676Z", "is_solution": false}}, {"model": "forums.post", "pk": 32, "fields": {"topic": 10, "author": ["mike_worker"], "content": "I have a different approach that has worked well for me...", "created_at": "2025-07-19T02:39:21.687Z", "updated_at": "2025-07-19T02:39:21.687Z", "is_solution": false}}, {"model": "forums.post", "pk": 33, "fields": {"topic": 11, "author": ["derstrassenLandowner"], "content": "Great question! I've been farming for 10 years and here's what I've learned...", "created_at": "2025-07-19T02:39:21.712Z", "updated_at": "2025-07-19T02:39:21.712Z", "is_solution": false}}, {"model": "forums.post", "pk": 34, "fields": {"topic": 11, "author": ["hfamoafo"], "content": "I agree with the previous response. Additionally, you should consider...", "created_at": "2025-07-19T02:39:21.723Z", "updated_at": "2025-07-19T02:39:21.723Z", "is_solution": false}}, {"model": "forums.post", "pk": 35, "fields": {"topic": 12, "author": ["strasseprophet"], "content": "Great question! I've been farming for 10 years and here's what I've learned...", "created_at": "2025-07-19T02:39:21.748Z", "updated_at": "2025-07-19T02:39:21.748Z", "is_solution": false}}, {"model": "forums.post", "pk": 36, "fields": {"topic": 13, "author": ["hfamoafo"], "content": "Great question! I've been farming for 10 years and here's what I've learned...", "created_at": "2025-07-19T02:39:21.773Z", "updated_at": "2025-07-19T02:39:21.773Z", "is_solution": false}}, {"model": "forums.post", "pk": 37, "fields": {"topic": 13, "author": ["strasseprophet"], "content": "I agree with the previous response. Additionally, you should consider...", "created_at": "2025-07-19T02:39:21.787Z", "updated_at": "2025-07-19T02:39:21.787Z", "is_solution": false}}, {"model": "forums.post", "pk": 38, "fields": {"topic": 14, "author": ["kwame_landowner"], "content": "Great question! I've been farming for 10 years and here's what I've learned...", "created_at": "2025-07-19T02:39:21.815Z", "updated_at": "2025-07-19T02:39:21.815Z", "is_solution": false}}, {"model": "forums.post", "pk": 39, "fields": {"topic": 14, "author": ["efua_investor"], "content": "I agree with the previous response. Additionally, you should consider...", "created_at": "2025-07-19T02:39:21.828Z", "updated_at": "2025-07-19T02:39:21.828Z", "is_solution": false}}, {"model": "forums.post", "pk": 40, "fields": {"topic": 15, "author": ["kwame_landowner"], "content": "Great question! I've been farming for 10 years and here's what I've learned...", "created_at": "2025-07-19T02:39:21.853Z", "updated_at": "2025-07-19T02:39:21.853Z", "is_solution": false}}, {"model": "forums.post", "pk": 41, "fields": {"topic": 15, "author": ["strasseprophet"], "content": "I agree with the previous response. Additionally, you should consider...", "created_at": "2025-07-19T02:39:21.865Z", "updated_at": "2025-07-19T02:39:21.865Z", "is_solution": false}}, {"model": "forums.post", "pk": 42, "fields": {"topic": 15, "author": ["strassestudent"], "content": "Thanks for sharing this information. It's very helpful for beginners like me.", "created_at": "2025-07-19T02:39:21.878Z", "updated_at": "2025-07-19T02:39:21.878Z", "is_solution": false}}, {"model": "forums.post", "pk": 43, "fields": {"topic": 15, "author": ["strassenprophet"], "content": "I have a different approach that has worked well for me...", "created_at": "2025-07-19T02:39:21.889Z", "updated_at": "2025-07-19T02:39:21.889Z", "is_solution": false}}, {"model": "forums.post", "pk": 44, "fields": {"topic": 16, "author": ["derstrassenFarmer"], "content": "I agree with the previous response. Additionally, you should consider...", "created_at": "2025-07-19T02:39:21.914Z", "updated_at": "2025-07-19T02:39:21.914Z", "is_solution": false}}, {"model": "forums.post", "pk": 45, "fields": {"topic": 16, "author": ["efua_investor"], "content": "Thanks for sharing this information. It's very helpful for beginners like me.", "created_at": "2025-07-19T02:39:21.928Z", "updated_at": "2025-07-19T02:39:21.928Z", "is_solution": false}}, {"model": "forums.post", "pk": 46, "fields": {"topic": 16, "author": ["derstrassenFarmer"], "content": "I have a different approach that has worked well for me...", "created_at": "2025-07-19T02:39:21.939Z", "updated_at": "2025-07-19T02:39:21.939Z", "is_solution": false}}, {"model": "forums.post", "pk": 47, "fields": {"topic": 17, "author": ["derstrassenFarmer"], "content": "Great question! I've been farming for 10 years and here's what I've learned...", "created_at": "2025-07-19T02:39:21.962Z", "updated_at": "2025-07-19T02:39:21.962Z", "is_solution": false}}, {"model": "forums.post", "pk": 48, "fields": {"topic": 17, "author": ["strasseprophet"], "content": "I agree with the previous response. Additionally, you should consider...", "created_at": "2025-07-19T02:39:21.972Z", "updated_at": "2025-07-19T02:39:21.972Z", "is_solution": false}}, {"model": "forums.post", "pk": 49, "fields": {"topic": 17, "author": ["derstrassenFarmer"], "content": "Thanks for sharing this information. It's very helpful for beginners like me.", "created_at": "2025-07-19T02:39:21.985Z", "updated_at": "2025-07-19T02:39:21.985Z", "is_solution": false}}, {"model": "user_permissions.permissioncategory", "pk": 1, "fields": {"name": "Forum Management", "description": "Permissions related to managing forum topics, posts, and categories", "is_active": true, "created_at": "2025-07-19T01:38:24.558Z"}}, {"model": "user_permissions.permissioncategory", "pk": 2, "fields": {"name": "User Management", "description": "Permissions for managing user accounts, profiles, and user types", "is_active": true, "created_at": "2025-07-19T01:38:24.570Z"}}, {"model": "user_permissions.permissioncategory", "pk": 3, "fields": {"name": "Content Moderation", "description": "Permissions for moderating content, approving/rejecting submissions", "is_active": true, "created_at": "2025-07-19T01:38:24.582Z"}}, {"model": "user_permissions.permissioncategory", "pk": 4, "fields": {"name": "Land Management", "description": "Permissions for managing land listings and approvals", "is_active": true, "created_at": "2025-07-19T01:38:24.598Z"}}, {"model": "user_permissions.permissioncategory", "pk": 5, "fields": {"name": "Project Management", "description": "Permissions for managing farming projects and approvals", "is_active": true, "created_at": "2025-07-19T01:38:24.613Z"}}, {"model": "user_permissions.permissioncategory", "pk": 6, "fields": {"name": "Analytics Access", "description": "Permissions for accessing system analytics and reports", "is_active": true, "created_at": "2025-07-19T01:38:24.628Z"}}, {"model": "user_permissions.permissioncategory", "pk": 7, "fields": {"name": "Notification Management", "description": "Permissions for managing system notifications and alerts", "is_active": true, "created_at": "2025-07-19T01:38:24.642Z"}}, {"model": "user_permissions.permissioncategory", "pk": 8, "fields": {"name": "Report Management", "description": "Permissions for managing user reports and complaints", "is_active": true, "created_at": "2025-07-19T01:38:24.656Z"}}, {"model": "farmcom.communitynews", "pk": 1, "fields": {"title": "FarmCom Launches New Dashboard!", "content": "Monitor your progress and team with our new dashboards.", "created_at": "2025-07-16T01:35:06.844Z", "updated_at": "2025-07-16T01:35:06.844Z", "is_active": true, "created_by": null}}, {"model": "farmcom.communitynews", "pk": 2, "fields": {"title": "Upcoming Community Event", "content": "Join us for the annual FarmCom networking event this August.", "created_at": "2025-07-16T01:35:06.857Z", "updated_at": "2025-07-16T01:35:06.857Z", "is_active": true, "created_by": null}}, {"model": "farmcom.communitynews", "pk": 3, "fields": {"title": "Tips for Sustainable Farming", "content": "Working", "created_at": "2025-07-16T01:35:06.873Z", "updated_at": "2025-07-19T02:18:50.925Z", "is_active": true, "created_by": null}}]